transaction_id,amount,hour,distance_from_home_km,merchant_risk_score,transactions_last_24h,card_present,international,online_transaction,fraud
TXN000001,36.77,9.0,0.02,0.659,3.0,1,0,1,0
TXN000002,9.58,4.0,13.08,0.781,4.0,1,0,0,0
TXN000003,57.42,2.0,71.74,0.761,1.0,0,0,0,0
TXN000004,69.45,10.0,11.55,0.316,5.0,1,0,1,1
TXN000005,3.85,12.0,1.32,0.205,5.0,0,0,1,0
TXN000006,7.37,4.0,6.23,0.454,2.0,1,0,0,0
TXN000007,30.81,1.0,3.66,0.547,6.0,1,0,0,0
TXN000008,19.76,3.0,23.27,0.919,7.0,0,0,0,0
TXN000009,26.66,15.0,6.9,0.875,1.0,1,0,0,0
TXN000010,11.55,20.0,18.7,0.916,1.0,1,0,1,0
TXN000011,65.33,4.0,9.96,0.85,5.0,1,0,1,0
TXN000012,59.02,7.0,18.58,0.965,2.0,1,0,0,0
TXN000013,28.96,8.0,17.24,0.465,0.0,1,0,0,0
TXN000014,83.7,8.0,39.6,0.047,0.0,1,0,0,0
TXN000015,43.27,5.0,6.63,0.084,3.0,1,0,0,0
TXN000016,11.48,1.0,7.67,0.39,6.0,1,0,0,0
TXN000017,39.2,12.0,11.66,0.258,2.0,1,0,0,0
TXN000018,10.39,8.0,13.36,0.17,1.0,1,0,1,0
TXN000019,65.26,8.0,4.17,0.953,6.0,1,0,0,0
TXN000020,25.79,6.0,14.46,0.195,4.0,0,0,1,0
TXN000021,22.54,22.0,24.0,0.959,2.0,1,1,0,0
TXN000022,13.72,14.0,5.41,0.761,2.0,1,0,1,0
TXN000023,92.07,10.0,38.7,0.641,3.0,1,1,1,1
TXN000024,23.23,4.0,32.11,0.676,3.0,0,1,0,0
TXN000025,17.67,19.0,29.73,0.331,2.0,0,0,0,0
TXN000026,,21.0,25.09,0.646,4.0,0,0,1,0
TXN000027,46.17,0.0,19.19,0.187,4.0,0,0,0,0
TXN000028,39.07,22.0,11.94,0.938,3.0,1,1,0,0
TXN000029,40.97,16.0,19.8,0.302,5.0,0,0,0,0
TXN000030,41.71,2.0,34.58,0.255,4.0,1,0,1,1
TXN000031,230.82,18.0,10.26,0.711,3.0,0,1,0,0
TXN000032,18.06,2.0,3.29,0.656,2.0,0,0,0,1
TXN000033,16.24,1.0,56.66,0.451,2.0,0,1,0,0
TXN000034,12.02,2.0,46.78,0.632,0.0,1,0,1,0
TXN000035,50.2,11.0,8.09,0.159,2.0,0,0,0,0
TXN000036,83.85,14.0,9.01,0.673,3.0,1,0,1,0
TXN000037,24.19,9.0,28.29,0.271,1.0,1,0,1,0
TXN000038,11.7,2.0,10.56,0.273,1.0,1,0,0,0
TXN000039,11.89,4.0,10.89,0.162,4.0,1,0,0,0
TXN000040,51.97,20.0,14.22,0.332,3.0,1,0,1,0
TXN000041,57.01,23.0,4.89,0.331,1.0,1,0,1,0
TXN000042,46.67,18.0,14.97,0.454,3.0,1,0,0,0
TXN000043,13.94,2.0,4.4,0.19,3.0,1,0,0,0
TXN000044,34.2,19.0,8.04,0.193,0.0,1,0,0,0
TXN000045,30.47,16.0,6.21,0.542,6.0,1,0,0,0
TXN000046,33.74,12.0,1.46,0.129,1.0,0,0,0,0
TXN000047,64.81,3.0,37.78,0.689,3.0,1,0,0,0
TXN000048,33.91,23.0,7.2,0.944,2.0,0,0,0,0
TXN000049,53.46,10.0,6.65,0.427,3.0,1,0,1,0
TXN000050,29.01,1.0,118.87,0.901,3.0,1,0,1,0
TXN000051,36.2,5.0,16.28,0.098,3.0,1,1,1,0
TXN000052,50.97,9.0,0.98,0.043,5.0,1,0,1,1
TXN000053,6.31,1.0,10.24,0.721,3.0,1,0,1,0
TXN000054,19.69,7.0,7.57,0.761,5.0,1,0,0,0
TXN000055,16.94,11.0,11.84,0.843,2.0,1,1,1,0
TXN000056,14.31,22.0,3.79,0.057,3.0,1,0,0,0
TXN000057,20.59,2.0,3.44,0.777,3.0,1,0,0,0
TXN000058,120.9,13.0,1.74,0.377,2.0,1,1,1,0
TXN000059,11.41,21.0,23.28,0.303,5.0,0,1,1,0
TXN000060,71.4,19.0,0.53,0.173,1.0,1,0,0,0
TXN000061,5.04,22.0,27.89,0.996,3.0,1,0,1,0
TXN000062,19.4,4.0,3.17,0.064,1.0,1,0,0,0
TXN000063,31.9,19.0,26.14,0.827,6.0,1,0,0,0
TXN000064,48.73,23.0,23.18,0.639,4.0,1,0,0,0
TXN000065,55.21,7.0,19.98,0.735,1.0,1,0,0,0
TXN000066,59.94,11.0,0.71,0.712,3.0,1,0,1,0
TXN000067,19.13,12.0,7.9,0.858,0.0,1,0,0,0
TXN000068,17.08,11.0,19.24,0.184,0.0,1,0,0,0
TXN000069,63.94,6.0,0.38,0.001,3.0,1,0,1,0
TXN000070,22.39,23.0,6.84,0.599,4.0,1,0,0,0
TXN000071,7.57,22.0,9.29,0.354,1.0,0,1,0,0
TXN000072,8.73,9.0,37.84,0.124,5.0,1,0,0,0
TXN000073,10.81,19.0,4.82,0.186,3.0,1,0,0,0
TXN000074,44.57,9.0,3.97,0.332,4.0,1,0,0,0
TXN000075,31.26,19.0,61.55,0.07,4.0,0,0,1,0
TXN000076,54.08,14.0,8.23,0.057,3.0,0,0,1,0
TXN000077,17.69,11.0,8.27,0.916,1.0,0,0,0,0
TXN000078,31.77,3.0,25.95,0.312,2.0,1,0,0,0
TXN000079,50.68,15.0,22.12,0.982,8.0,1,0,0,0
TXN000080,19.9,7.0,10.46,0.964,3.0,0,0,1,0
TXN000081,42.81,5.0,17.37,0.143,3.0,1,0,0,0
TXN000082,13.99,4.0,7.33,0.715,6.0,0,0,0,0
TXN000083,18.86,23.0,21.5,0.601,2.0,1,0,1,0
TXN000084,18.51,2.0,2.72,0.691,5.0,1,0,1,0
TXN000085,8.2,19.0,2.72,0.096,1.0,1,1,0,0
TXN000086,44.12,20.0,7.93,0.189,3.0,1,0,0,0
TXN000087,16.96,0.0,0.32,0.077,4.0,0,0,0,0
TXN000088,27.45,14.0,4.71,0.604,3.0,1,0,1,0
TXN000089,43.85,13.0,13.37,0.987,2.0,1,0,0,0
TXN000090,42.37,8.0,7.68,0.672,2.0,1,1,0,0
TXN000091,52.74,16.0,2.66,0.711,2.0,0,0,1,0
TXN000092,24.57,9.0,112.3,0.985,1.0,1,0,0,0
TXN000093,17.76,10.0,35.29,0.678,0.0,0,0,0,0
TXN000094,25.04,10.0,5.4,0.04,1.0,0,0,1,0
TXN000095,5.02,19.0,33.12,0.867,4.0,1,0,0,1
TXN000096,6.38,15.0,46.35,0.365,3.0,0,0,1,0
TXN000097,7.22,9.0,25.05,0.004,2.0,0,0,1,0
TXN000098,10.0,22.0,1.02,0.507,3.0,1,0,0,0
TXN000099,40.44,19.0,15.03,0.937,3.0,1,0,1,0
TXN000100,10.96,22.0,13.27,0.257,5.0,1,0,1,0
TXN000101,18.58,17.0,13.8,0.492,1.0,1,1,1,0
TXN000102,99.41,9.0,2.15,0.174,0.0,1,0,1,0
TXN000103,18.99,18.0,22.62,0.058,2.0,0,0,0,0
TXN000104,56.69,7.0,38.43,0.081,1.0,1,0,0,0
TXN000105,10.66,6.0,1.56,0.727,3.0,1,0,1,0
TXN000106,22.08,10.0,5.7,0.864,5.0,1,0,0,0
TXN000107,10.49,23.0,0.21,0.143,5.0,1,1,0,1
TXN000108,19.32,13.0,31.3,0.288,4.0,1,0,0,0
TXN000109,62.82,9.0,86.6,0.195,4.0,1,1,0,1
TXN000110,4.82,11.0,0.36,0.027,1.0,1,0,1,0
TXN000111,41.86,6.0,41.17,0.553,1.0,1,0,1,0
TXN000112,34.39,15.0,10.6,0.7,2.0,1,0,1,0
TXN000113,14.97,8.0,52.08,0.648,4.0,0,1,0,0
TXN000114,6.38,13.0,67.68,0.388,3.0,1,0,0,0
TXN000115,29.14,8.0,29.18,0.555,3.0,1,1,1,0
TXN000116,15.97,7.0,2.42,0.094,1.0,1,0,0,0
TXN000117,34.22,23.0,14.37,0.154,4.0,0,0,1,0
TXN000118,27.71,8.0,3.4,0.932,5.0,1,0,1,0
TXN000119,134.53,1.0,85.17,0.762,0.0,1,0,0,0
TXN000120,21.34,9.0,11.54,0.923,2.0,1,0,0,0
TXN000121,9.74,12.0,4.56,0.917,3.0,1,0,1,0
TXN000122,32.44,2.0,6.42,0.649,0.0,1,0,0,0
TXN000123,33.78,7.0,60.72,0.928,3.0,1,0,1,0
TXN000124,105.55,3.0,2.07,0.417,2.0,1,0,1,0
TXN000125,62.5,12.0,23.63,0.004,5.0,0,0,0,0
TXN000126,38.74,17.0,39.81,0.063,5.0,1,0,1,0
TXN000127,117.13,23.0,9.35,0.109,3.0,0,0,0,0
TXN000128,8.26,9.0,19.67,0.095,3.0,1,0,0,0
TXN000129,14.3,20.0,14.64,0.352,1.0,1,0,1,0
TXN000130,10.73,5.0,11.0,0.701,1.0,1,0,1,0
TXN000131,18.36,18.0,9.23,0.791,1.0,1,0,1,0
TXN000132,6.84,13.0,1.26,0.59,7.0,1,0,1,0
TXN000133,51.17,18.0,6.13,0.146,3.0,0,0,0,0
TXN000134,21.71,18.0,3.5,0.748,0.0,1,0,0,0
TXN000135,6.23,12.0,10.91,0.355,3.0,1,0,0,0
TXN000136,9.82,6.0,25.26,0.013,4.0,1,0,0,0
TXN000137,37.1,12.0,4.91,0.281,1.0,1,0,0,0
TXN000138,62.69,19.0,5.95,0.331,5.0,1,0,0,0
TXN000139,199.68,23.0,7.07,0.274,5.0,1,0,1,0
TXN000140,499.63,22.0,28.2,0.812,0.0,1,0,0,0
TXN000141,41.03,4.0,35.89,,3.0,1,1,1,0
TXN000142,10.08,14.0,2.69,0.696,4.0,1,0,1,0
TXN000143,3.22,2.0,42.09,0.139,2.0,1,0,1,0
TXN000144,35.44,16.0,27.65,0.808,6.0,1,0,0,0
TXN000145,12.03,23.0,1.73,0.677,2.0,1,0,1,0
TXN000146,17.9,1.0,19.91,0.195,1.0,0,0,1,0
TXN000147,14.7,15.0,16.12,0.648,3.0,0,0,0,0
TXN000148,23.55,22.0,13.39,0.484,2.0,1,0,0,0
TXN000149,78.73,20.0,1.46,0.439,3.0,1,0,0,0
TXN000150,31.72,9.0,18.79,0.112,3.0,0,0,1,0
TXN000151,23.14,2.0,14.0,0.518,3.0,1,0,1,0
TXN000152,9.62,22.0,5.65,0.1,3.0,1,0,0,0
TXN000153,5.08,22.0,10.71,0.164,3.0,1,0,1,0
TXN000154,16.67,13.0,26.45,0.133,3.0,1,0,0,0
TXN000155,25.69,23.0,0.85,0.954,4.0,0,0,0,0
TXN000156,158.85,0.0,9.85,0.285,3.0,0,0,1,0
TXN000157,30.89,14.0,33.1,0.355,3.0,0,0,1,0
TXN000158,72.44,0.0,10.09,0.322,4.0,0,0,1,0
TXN000159,16.46,22.0,35.25,0.898,3.0,1,0,0,0
TXN000160,8.29,16.0,3.22,0.563,3.0,0,0,0,0
TXN000161,10.33,21.0,26.56,0.919,5.0,1,0,0,0
TXN000162,13.13,13.0,49.99,0.3,4.0,1,0,0,0
TXN000163,227.8,1.0,2.75,0.115,2.0,1,1,0,0
TXN000164,11.92,0.0,31.74,0.556,4.0,1,0,1,0
TXN000165,62.71,8.0,5.45,0.346,5.0,1,0,1,0
TXN000166,10.99,17.0,2.2,0.802,3.0,1,0,0,0
TXN000167,68.83,3.0,1.86,0.879,3.0,1,0,0,0
TXN000168,39.84,20.0,9.35,0.473,5.0,1,0,0,0
TXN000169,23.18,5.0,0.26,0.971,3.0,1,0,0,0
TXN000170,26.03,11.0,5.07,0.553,1.0,1,1,1,0
TXN000171,14.09,4.0,9.4,0.271,8.0,1,0,0,0
TXN000172,42.35,11.0,10.55,0.489,3.0,1,1,1,1
TXN000173,17.2,10.0,4.17,0.037,2.0,0,0,0,0
TXN000174,7.96,0.0,6.89,0.804,2.0,1,0,0,0
TXN000175,7.55,13.0,3.63,0.101,2.0,1,0,1,0
TXN000176,32.22,18.0,5.02,0.309,1.0,1,0,0,0
TXN000177,131.51,22.0,21.56,0.565,2.0,0,0,0,0
TXN000178,31.82,7.0,9.63,0.043,2.0,1,0,1,0
TXN000179,24.08,21.0,24.58,0.079,4.0,1,0,0,0
TXN000180,36.08,21.0,4.98,0.696,4.0,1,0,0,0
TXN000181,100.08,23.0,0.49,0.072,2.0,0,0,0,0
TXN000182,33.76,8.0,13.88,0.477,2.0,0,0,0,0
TXN000183,17.98,20.0,22.64,0.339,2.0,1,0,0,0
TXN000184,81.96,13.0,1.8,0.228,4.0,1,0,0,0
TXN000185,41.63,1.0,20.37,0.189,2.0,1,0,1,0
TXN000186,125.93,6.0,2.21,0.763,4.0,1,0,1,0
TXN000187,32.56,16.0,6.46,0.952,0.0,0,1,0,0
TXN000188,7.97,3.0,14.68,0.14,5.0,0,0,0,1
TXN000189,6.9,10.0,1.83,0.96,3.0,0,0,0,1
TXN000190,141.31,18.0,17.56,0.595,3.0,0,0,0,0
TXN000191,151.97,3.0,13.7,0.642,7.0,1,0,0,0
TXN000192,22.66,11.0,19.3,0.71,2.0,0,0,1,0
TXN000193,18.48,5.0,1.44,0.704,0.0,1,0,0,0
TXN000194,116.91,12.0,5.24,0.82,1.0,1,0,0,0
TXN000195,8.96,5.0,29.63,0.483,4.0,1,0,1,0
TXN000196,11.08,23.0,0.43,0.533,3.0,1,0,1,0
TXN000197,51.59,1.0,31.35,0.324,2.0,0,0,0,0
TXN000198,18.27,23.0,23.49,0.105,3.0,0,0,0,0
TXN000199,26.97,19.0,1.75,0.665,4.0,0,0,1,0
TXN000200,23.02,20.0,3.01,0.034,4.0,0,0,0,0
TXN000201,38.0,20.0,27.05,0.276,1.0,1,0,1,0
TXN000202,110.77,4.0,11.88,0.094,1.0,1,0,1,0
TXN000203,29.68,22.0,9.87,0.191,3.0,0,0,0,0
TXN000204,51.62,14.0,5.6,0.639,2.0,1,0,0,0
TXN000205,3.49,23.0,10.3,0.628,2.0,0,0,0,0
TXN000206,25.82,21.0,7.99,0.421,4.0,1,0,0,0
TXN000207,11.67,13.0,9.52,0.09,2.0,1,1,0,0
TXN000208,8.01,8.0,31.98,0.433,2.0,1,0,1,0
TXN000209,11.27,2.0,0.63,0.353,5.0,1,1,1,0
TXN000210,19.41,2.0,39.36,0.72,3.0,0,1,1,1
TXN000211,67.76,9.0,6.09,0.579,7.0,0,0,1,1
TXN000212,7.2,19.0,5.97,0.492,0.0,1,0,1,0
TXN000213,27.96,12.0,20.37,0.487,3.0,1,0,0,0
TXN000214,16.71,11.0,35.33,0.966,3.0,1,1,0,1
TXN000215,19.54,5.0,14.71,0.756,4.0,1,0,1,0
TXN000216,73.9,13.0,4.98,0.497,2.0,1,0,1,0
TXN000217,46.44,15.0,1.97,0.479,3.0,1,0,0,0
TXN000218,103.28,23.0,9.72,0.026,2.0,1,0,1,0
TXN000219,23.23,17.0,1.39,0.943,4.0,1,0,0,0
TXN000220,13.52,14.0,34.29,0.319,1.0,1,0,0,0
TXN000221,21.67,21.0,6.25,0.256,3.0,0,0,1,0
TXN000222,34.55,10.0,23.27,0.999,0.0,1,0,0,0
TXN000223,32.35,22.0,29.46,0.719,4.0,1,1,0,1
TXN000224,9.17,8.0,15.45,0.047,6.0,0,0,1,0
TXN000225,29.68,3.0,23.82,0.062,2.0,0,0,1,0
TXN000226,34.06,10.0,15.02,0.026,1.0,0,0,0,0
TXN000227,336.12,3.0,7.65,0.6,0.0,1,0,1,0
TXN000228,177.12,2.0,22.68,0.072,3.0,1,0,0,0
TXN000229,11.55,21.0,21.02,0.933,3.0,0,0,1,0
TXN000230,20.34,19.0,2.75,0.937,4.0,1,0,0,0
TXN000231,6.27,5.0,25.53,0.546,4.0,1,0,1,0
TXN000232,15.02,20.0,8.09,0.617,1.0,0,1,1,0
TXN000233,37.17,1.0,48.28,0.292,1.0,1,0,0,0
TXN000234,90.55,6.0,33.28,0.064,4.0,0,0,0,0
TXN000235,13.08,16.0,13.0,0.737,1.0,0,0,0,0
TXN000236,14.1,7.0,16.85,0.102,1.0,1,0,1,0
TXN000237,3.17,17.0,2.55,0.086,5.0,0,0,1,0
TXN000238,23.04,20.0,12.14,0.311,6.0,1,0,1,0
TXN000239,9.37,1.0,10.52,0.012,1.0,0,0,1,0
TXN000240,15.97,0.0,8.28,0.434,2.0,0,0,0,0
TXN000241,11.28,22.0,11.05,0.708,0.0,0,0,1,0
TXN000242,24.67,12.0,74.63,0.801,1.0,1,0,0,0
TXN000243,4.68,12.0,2.71,0.604,1.0,0,0,1,0
TXN000244,6.25,11.0,1.62,0.847,4.0,0,0,0,0
TXN000245,227.98,10.0,10.81,0.407,2.0,1,0,1,0
TXN000246,7.48,16.0,7.21,0.849,1.0,1,0,0,0
TXN000247,9.05,13.0,18.67,0.506,2.0,1,0,0,0
TXN000248,170.19,3.0,5.05,0.223,1.0,0,0,0,0
TXN000249,495.25,15.0,34.88,0.944,2.0,1,0,1,0
TXN000250,8.4,16.0,29.56,0.275,1.0,1,0,0,0
TXN000251,18.76,2.0,3.74,0.026,6.0,0,1,0,0
TXN000252,38.15,9.0,2.43,0.243,1.0,0,1,0,0
TXN000253,152.73,18.0,20.38,0.367,2.0,0,0,0,0
TXN000254,10.11,14.0,0.61,0.351,2.0,1,0,1,0
TXN000255,21.22,3.0,5.51,0.525,3.0,1,0,1,0
TXN000256,58.99,0.0,36.16,0.883,2.0,1,0,1,1
TXN000257,41.88,13.0,2.46,0.292,5.0,1,0,1,0
TXN000258,18.61,11.0,15.5,0.521,3.0,0,0,0,0
TXN000259,23.72,23.0,11.22,0.34,3.0,1,0,0,0
TXN000260,6.86,12.0,59.86,0.822,8.0,1,1,1,1
TXN000261,21.37,22.0,8.21,0.158,4.0,1,0,1,0
TXN000262,20.77,5.0,30.52,0.104,4.0,1,0,0,0
TXN000263,34.2,10.0,42.47,0.503,2.0,0,0,1,0
TXN000264,15.56,3.0,2.94,0.672,3.0,0,1,0,0
TXN000265,43.45,13.0,11.69,0.796,6.0,1,0,0,0
TXN000266,74.64,4.0,13.41,0.59,2.0,1,1,0,0
TXN000267,31.67,11.0,11.56,0.774,2.0,1,0,1,0
TXN000268,38.54,8.0,31.42,0.393,3.0,1,0,1,0
TXN000269,28.59,4.0,0.92,0.033,2.0,0,0,0,0
TXN000270,27.11,2.0,4.85,0.116,3.0,1,0,1,0
TXN000271,13.18,12.0,3.81,0.039,0.0,1,0,1,0
TXN000272,37.21,22.0,1.58,0.329,3.0,0,0,0,0
TXN000273,24.6,4.0,4.67,0.495,2.0,1,0,1,0
TXN000274,219.9,9.0,6.85,0.356,1.0,1,0,0,0
TXN000275,130.76,5.0,7.05,0.561,5.0,1,0,0,1
TXN000276,39.88,19.0,0.56,0.481,1.0,1,0,0,0
TXN000277,12.64,9.0,13.1,0.678,5.0,1,0,0,0
TXN000278,8.91,23.0,3.11,0.667,1.0,0,0,0,0
TXN000279,89.22,5.0,9.52,0.318,3.0,0,0,0,0
TXN000280,35.26,1.0,11.76,0.346,6.0,1,0,0,0
TXN000281,43.82,13.0,16.28,0.585,5.0,1,0,1,0
TXN000282,4.74,15.0,8.58,0.596,2.0,1,0,1,0
TXN000283,68.54,23.0,1.55,0.315,4.0,1,0,0,0
TXN000284,42.71,20.0,0.21,0.33,3.0,1,0,0,0
TXN000285,8.93,21.0,8.98,0.694,1.0,1,0,0,0
TXN000286,16.92,15.0,28.55,0.647,4.0,1,1,1,0
TXN000287,35.29,8.0,63.0,0.135,2.0,0,0,1,1
TXN000288,28.57,10.0,23.62,0.441,3.0,0,0,0,0
TXN000289,20.24,3.0,7.97,0.893,2.0,1,0,1,1
TXN000290,24.45,10.0,48.15,0.036,5.0,0,0,1,0
TXN000291,21.07,8.0,43.15,0.855,3.0,1,1,1,0
TXN000292,31.58,0.0,26.15,0.163,1.0,0,1,0,0
TXN000293,118.1,4.0,44.41,0.507,3.0,1,0,0,0
TXN000294,2.08,12.0,24.74,0.424,3.0,1,0,1,0
TXN000295,21.39,8.0,13.41,0.01,2.0,1,0,0,0
TXN000296,32.35,23.0,27.89,0.915,2.0,1,1,0,1
TXN000297,36.45,11.0,17.9,0.455,2.0,1,0,0,0
TXN000298,18.69,23.0,41.28,0.954,3.0,1,1,0,0
TXN000299,4.68,15.0,4.42,0.287,2.0,1,0,1,0
TXN000300,37.64,0.0,2.7,0.866,7.0,1,0,1,0
TXN000301,152.53,4.0,10.97,0.922,3.0,1,0,0,0
TXN000302,5.85,16.0,2.17,0.557,3.0,1,0,1,0
TXN000303,64.32,13.0,11.23,0.203,5.0,1,0,0,0
TXN000304,19.52,7.0,20.42,0.685,4.0,1,0,1,0
TXN000305,25.5,12.0,34.31,0.549,4.0,1,0,0,0
TXN000306,9.46,21.0,62.99,0.945,2.0,1,0,1,1
TXN000307,19.41,9.0,6.82,0.439,1.0,0,0,1,0
TXN000308,99.49,1.0,8.67,0.269,1.0,1,0,1,0
TXN000309,48.55,7.0,7.88,0.138,1.0,1,0,1,0
TXN000310,153.29,22.0,0.84,0.699,3.0,1,0,0,0
TXN000311,88.01,18.0,3.12,0.974,2.0,1,1,1,0
TXN000312,42.06,20.0,1.92,0.028,3.0,1,1,1,0
TXN000313,155.08,21.0,14.82,0.74,4.0,1,0,0,0
TXN000314,42.06,2.0,10.08,0.927,0.0,0,0,1,0
TXN000315,62.05,6.0,50.56,0.075,5.0,1,0,0,0
TXN000316,20.15,1.0,0.51,0.11,4.0,1,0,0,0
TXN000317,28.98,0.0,5.73,0.692,4.0,1,0,1,0
TXN000318,13.5,20.0,9.09,0.648,0.0,1,0,0,0
TXN000319,72.94,22.0,16.39,0.069,1.0,0,0,0,0
TXN000320,8.35,3.0,4.72,0.834,2.0,1,0,0,0
TXN000321,59.28,17.0,6.74,0.523,3.0,1,0,1,0
TXN000322,22.41,12.0,4.8,0.907,2.0,0,1,1,0
TXN000323,87.47,1.0,20.72,0.878,3.0,1,0,0,0
TXN000324,57.45,21.0,4.74,0.813,2.0,1,1,1,0
TXN000325,167.44,20.0,22.36,0.516,2.0,0,0,1,0
TXN000326,56.3,13.0,22.47,0.252,3.0,1,0,1,0
TXN000327,5.63,16.0,13.68,0.506,4.0,1,1,1,0
TXN000328,25.36,9.0,6.57,0.101,4.0,0,0,1,0
TXN000329,8.4,19.0,2.11,0.659,4.0,1,0,0,0
TXN000330,16.15,10.0,10.18,0.134,5.0,1,0,0,0
TXN000331,122.88,23.0,20.21,0.511,5.0,1,0,1,0
TXN000332,51.29,1.0,171.33,0.054,2.0,1,0,0,0
TXN000333,13.48,4.0,6.72,0.3,4.0,1,0,0,0
TXN000334,9.84,23.0,2.58,0.232,2.0,1,0,0,0
TXN000335,28.02,6.0,1.64,0.62,2.0,1,0,0,0
TXN000336,8.03,7.0,39.92,0.787,2.0,0,0,1,0
TXN000337,13.86,18.0,12.36,0.057,2.0,1,0,0,0
TXN000338,37.04,4.0,6.36,0.85,3.0,0,0,1,0
TXN000339,86.08,12.0,10.55,0.861,6.0,0,0,1,0
TXN000340,49.84,6.0,7.32,0.342,5.0,0,0,0,0
TXN000341,2.74,4.0,9.97,0.659,4.0,0,1,0,0
TXN000342,36.76,23.0,17.54,0.403,5.0,0,0,0,0
TXN000343,29.14,4.0,4.59,0.154,1.0,1,0,0,0
TXN000344,41.01,2.0,24.28,0.529,4.0,1,0,0,0
TXN000345,136.48,16.0,28.42,0.086,3.0,0,0,1,0
TXN000346,3.44,20.0,2.6,0.878,4.0,1,0,0,0
TXN000347,15.01,3.0,2.84,0.924,3.0,1,0,0,0
TXN000348,48.96,16.0,10.19,0.822,4.0,0,0,0,0
TXN000349,5.58,12.0,24.48,0.563,3.0,1,0,0,0
TXN000350,118.62,19.0,8.07,0.558,2.0,1,0,0,0
TXN000351,39.19,3.0,92.48,0.985,1.0,1,0,1,1
TXN000352,63.22,23.0,29.62,0.248,2.0,1,0,0,0
TXN000353,15.32,14.0,0.97,0.076,1.0,1,0,0,0
TXN000354,61.18,20.0,15.77,0.562,5.0,1,0,1,0
TXN000355,78.92,8.0,23.86,0.329,2.0,0,0,1,0
TXN000356,34.22,22.0,,0.322,3.0,1,0,1,0
TXN000357,34.27,15.0,34.0,0.007,3.0,1,0,0,0
TXN000358,35.53,3.0,4.42,0.596,4.0,0,0,1,1
TXN000359,11.43,22.0,4.2,0.264,0.0,0,1,0,0
TXN000360,23.39,19.0,16.93,0.188,2.0,1,0,1,0
TXN000361,23.28,7.0,1.19,0.04,6.0,1,0,0,0
TXN000362,39.78,13.0,18.79,0.364,4.0,1,0,1,0
TXN000363,73.69,9.0,5.05,0.879,5.0,0,0,1,0
TXN000364,9.41,13.0,4.3,0.337,2.0,1,0,1,0
TXN000365,23.93,23.0,21.68,0.679,1.0,1,0,0,0
TXN000366,119.28,21.0,12.31,0.757,3.0,0,0,1,1
TXN000367,12.89,5.0,22.82,0.328,4.0,1,0,1,0
TXN000368,11.91,23.0,14.11,0.822,2.0,1,0,0,0
TXN000369,33.19,10.0,38.56,0.692,2.0,0,0,0,0
TXN000370,63.08,16.0,28.66,0.559,5.0,0,0,0,0
TXN000371,27.42,18.0,8.84,0.001,5.0,1,1,0,0
TXN000372,102.41,11.0,18.83,0.035,3.0,1,0,1,0
TXN000373,63.87,10.0,2.2,0.991,2.0,1,0,0,0
TXN000374,62.92,10.0,21.69,0.782,2.0,1,0,1,0
TXN000375,47.19,20.0,2.1,0.938,5.0,1,0,1,0
TXN000376,278.01,9.0,0.33,0.902,5.0,0,0,1,0
TXN000377,22.08,6.0,9.27,0.02,8.0,1,0,1,0
TXN000378,3.66,8.0,7.84,0.792,4.0,1,0,1,0
TXN000379,134.86,4.0,20.46,0.451,3.0,1,1,0,0
TXN000380,17.16,9.0,1.54,0.79,2.0,0,1,0,1
TXN000381,30.2,2.0,41.25,0.007,1.0,1,0,1,0
TXN000382,100.44,2.0,33.0,0.288,4.0,1,0,1,0
TXN000383,5.46,17.0,49.91,0.751,3.0,1,0,0,0
TXN000384,7.76,1.0,1.8,0.793,5.0,1,0,1,1
TXN000385,5.47,13.0,7.72,0.62,0.0,0,0,1,0
TXN000386,12.25,18.0,3.38,0.301,3.0,0,0,0,0
TXN000387,42.08,17.0,4.42,0.31,8.0,1,0,1,0
TXN000388,45.8,10.0,10.49,0.967,3.0,1,0,1,0
TXN000389,35.74,4.0,5.52,0.439,3.0,0,0,0,0
TXN000390,6.6,22.0,4.49,0.447,5.0,1,1,0,0
TXN000391,2.69,20.0,8.0,0.552,5.0,0,0,0,0
TXN000392,28.63,14.0,13.74,0.41,2.0,1,0,1,0
TXN000393,16.92,2.0,3.33,0.553,5.0,1,0,0,0
TXN000394,42.92,0.0,7.3,0.432,5.0,1,1,1,0
TXN000395,54.7,7.0,11.32,0.827,2.0,1,0,1,0
TXN000396,31.13,3.0,37.19,0.909,4.0,1,0,1,0
TXN000397,57.98,20.0,13.82,0.932,3.0,0,0,0,0
TXN000398,34.1,4.0,49.8,0.564,3.0,1,0,0,0
TXN000399,46.07,6.0,53.82,0.442,2.0,1,0,0,0
TXN000400,13.4,23.0,3.9,0.705,4.0,1,0,0,0
TXN000401,22.66,19.0,1.75,0.838,4.0,0,0,0,0
TXN000402,33.01,5.0,53.06,0.563,1.0,1,0,0,0
TXN000403,61.59,9.0,43.64,0.7,4.0,1,0,0,0
TXN000404,18.29,12.0,74.67,0.75,1.0,1,1,1,0
TXN000405,45.66,15.0,25.7,0.676,6.0,1,0,0,0
TXN000406,20.78,22.0,1.92,0.746,2.0,0,0,0,0
TXN000407,24.11,20.0,17.04,0.209,1.0,1,0,1,0
TXN000408,62.15,23.0,13.55,0.498,2.0,1,1,0,1
TXN000409,3.69,0.0,31.48,0.588,2.0,0,1,1,0
TXN000410,7.42,5.0,3.88,0.002,4.0,1,0,1,0
TXN000411,6.16,13.0,3.43,0.856,0.0,1,0,0,1
TXN000412,2.63,1.0,15.3,0.61,1.0,1,0,1,1
TXN000413,13.76,8.0,2.36,0.129,3.0,0,0,1,0
TXN000414,57.36,3.0,2.57,0.816,2.0,0,0,1,0
TXN000415,20.39,22.0,41.67,0.717,3.0,1,1,0,0
TXN000416,33.04,1.0,49.21,0.758,2.0,0,0,0,1
TXN000417,80.58,3.0,37.19,0.392,3.0,1,0,0,0
TXN000418,102.28,4.0,23.56,0.854,3.0,1,0,1,0
TXN000419,25.3,3.0,7.08,0.414,3.0,1,0,0,0
TXN000420,104.96,13.0,7.26,0.571,5.0,1,0,0,1
TXN000421,29.73,8.0,33.71,0.001,1.0,1,0,0,0
TXN000422,11.74,21.0,63.01,0.645,3.0,0,0,0,0
TXN000423,14.96,6.0,0.09,0.718,3.0,1,0,0,0
TXN000424,6.17,12.0,87.07,0.567,3.0,0,0,0,0
TXN000425,11.15,15.0,3.82,0.497,2.0,1,0,1,0
TXN000426,18.95,15.0,31.77,0.81,5.0,1,0,0,0
TXN000427,60.56,19.0,4.34,0.681,1.0,1,0,0,0
TXN000428,151.53,4.0,8.16,0.278,1.0,1,0,0,0
TXN000429,6.81,12.0,18.56,0.959,4.0,1,0,0,0
TXN000430,40.16,19.0,5.01,0.707,1.0,1,0,1,0
TXN000431,9.58,20.0,43.78,0.988,3.0,0,0,0,0
TXN000432,43.58,14.0,2.78,0.971,2.0,0,0,1,0
TXN000433,23.78,15.0,1.25,0.919,2.0,1,0,1,1
TXN000434,4.35,20.0,57.68,0.755,3.0,1,1,1,0
TXN000435,68.6,14.0,29.69,0.609,3.0,1,0,1,1
TXN000436,14.81,22.0,8.48,0.172,5.0,0,0,0,0
TXN000437,15.9,3.0,11.53,0.543,3.0,1,0,1,0
TXN000438,9.3,8.0,19.62,0.765,4.0,1,0,0,0
TXN000439,14.09,2.0,28.97,0.521,3.0,1,0,1,0
TXN000440,41.59,2.0,8.54,0.868,8.0,1,0,0,0
TXN000441,22.44,11.0,18.38,0.11,2.0,1,0,0,0
TXN000442,37.66,5.0,5.69,0.381,1.0,1,0,0,0
TXN000443,38.94,9.0,0.61,0.506,7.0,1,0,1,0
TXN000444,101.56,10.0,32.61,0.432,2.0,1,0,1,0
TXN000445,19.24,14.0,1.98,0.109,6.0,1,0,0,0
TXN000446,6.19,22.0,0.37,0.154,4.0,1,1,0,0
TXN000447,78.82,20.0,39.36,0.838,3.0,0,0,0,1
TXN000448,19.46,9.0,41.52,0.484,1.0,1,0,1,0
TXN000449,82.65,7.0,10.73,0.049,5.0,0,0,0,0
TXN000450,39.78,18.0,14.61,0.016,1.0,1,0,0,0
TXN000451,23.78,2.0,8.03,0.473,5.0,0,0,1,1
TXN000452,38.43,12.0,9.57,0.164,3.0,0,0,1,0
TXN000453,190.76,10.0,4.99,0.705,2.0,1,0,1,0
TXN000454,216.37,4.0,4.42,0.795,0.0,0,0,1,0
TXN000455,29.06,14.0,7.45,0.228,4.0,1,0,1,0
TXN000456,31.82,7.0,32.27,0.592,2.0,0,0,0,0
TXN000457,79.54,4.0,57.69,0.154,3.0,1,0,0,0
TXN000458,11.64,15.0,29.03,0.304,1.0,1,0,1,0
TXN000459,37.83,4.0,22.11,0.889,1.0,1,0,0,0
TXN000460,26.42,16.0,11.74,0.544,0.0,0,0,1,0
TXN000461,37.11,3.0,6.09,0.886,3.0,0,1,0,1
TXN000462,11.78,10.0,18.07,0.225,1.0,1,0,0,0
TXN000463,5.53,19.0,1.21,0.33,2.0,0,0,0,0
TXN000464,3.41,5.0,69.51,0.471,1.0,0,0,1,0
TXN000465,8.87,18.0,22.22,0.48,2.0,1,0,1,0
TXN000466,17.14,17.0,37.88,0.998,3.0,1,0,0,0
TXN000467,20.22,21.0,0.24,0.114,2.0,1,0,0,0
TXN000468,188.15,4.0,1.9,0.852,2.0,1,0,0,0
TXN000469,81.94,17.0,25.63,0.864,2.0,1,0,0,0
TXN000470,10.36,22.0,0.49,0.553,4.0,0,0,0,0
TXN000471,38.39,18.0,13.81,0.344,3.0,1,0,1,0
TXN000472,18.05,4.0,4.58,0.519,2.0,1,0,0,0
TXN000473,20.4,19.0,6.75,0.292,4.0,1,0,0,0
TXN000474,32.63,2.0,22.46,0.799,2.0,1,0,0,0
TXN000475,50.36,14.0,4.91,0.498,1.0,1,0,0,0
TXN000476,19.31,11.0,6.8,0.926,2.0,1,0,0,0
TXN000477,78.56,12.0,17.33,0.623,2.0,1,0,1,0
TXN000478,8.65,12.0,3.15,0.514,2.0,1,1,1,0
TXN000479,27.29,0.0,21.96,0.711,3.0,1,0,1,0
TXN000480,364.19,12.0,33.93,0.504,2.0,0,0,0,0
TXN000481,33.89,22.0,43.05,0.905,2.0,1,0,1,0
TXN000482,113.66,10.0,13.55,0.184,1.0,1,0,1,0
TXN000483,29.71,6.0,4.53,0.973,6.0,1,0,1,0
TXN000484,48.46,23.0,3.29,0.812,4.0,1,0,1,0
TXN000485,25.62,2.0,3.24,0.861,1.0,0,0,0,0
TXN000486,22.86,11.0,0.62,0.483,0.0,1,0,1,0
TXN000487,12.44,12.0,24.27,0.837,0.0,0,0,1,1
TXN000488,41.69,11.0,12.05,0.307,6.0,0,0,1,0
TXN000489,11.57,22.0,39.39,0.762,5.0,1,0,1,1
TXN000490,52.75,10.0,2.3,0.14,5.0,1,0,1,0
TXN000491,80.26,23.0,54.81,0.307,2.0,1,0,0,0
TXN000492,39.12,1.0,10.35,0.446,4.0,0,0,1,0
TXN000493,20.36,17.0,2.11,0.322,5.0,1,0,1,0
TXN000494,42.69,14.0,0.34,0.387,2.0,1,0,1,0
TXN000495,19.91,5.0,3.97,0.82,2.0,1,0,1,1
TXN000496,69.1,5.0,34.15,0.257,5.0,1,1,0,1
TXN000497,4.34,17.0,3.97,0.745,2.0,1,1,0,0
TXN000498,19.38,15.0,22.1,0.074,1.0,1,0,0,0
TXN000499,3.7,14.0,1.46,0.766,1.0,1,0,1,0
TXN000500,6.08,1.0,10.5,0.792,3.0,0,0,1,0
TXN000501,106.04,14.0,17.66,0.402,3.0,1,1,1,0
TXN000502,66.37,23.0,31.48,0.722,2.0,1,0,1,0
TXN000503,13.2,0.0,19.39,0.915,2.0,1,0,1,0
TXN000504,6.03,11.0,0.83,0.801,2.0,0,0,0,0
TXN000505,1.4,11.0,27.1,0.39,5.0,1,1,1,0
TXN000506,15.74,21.0,0.1,0.484,1.0,0,0,1,0
TXN000507,305.03,6.0,3.57,0.779,5.0,1,0,1,1
TXN000508,41.88,11.0,43.25,0.293,0.0,0,0,1,0
TXN000509,15.49,17.0,22.51,0.804,2.0,1,0,1,0
TXN000510,43.17,1.0,21.07,0.328,5.0,0,0,0,0
TXN000511,5.69,19.0,12.54,0.806,5.0,1,0,1,0
TXN000512,20.14,19.0,21.82,0.087,3.0,0,1,0,0
TXN000513,29.95,17.0,3.61,0.044,1.0,0,0,0,0
TXN000514,24.88,15.0,13.87,0.998,2.0,1,0,0,0
TXN000515,59.79,17.0,7.99,0.869,1.0,1,0,0,0
TXN000516,38.27,18.0,7.11,0.883,0.0,1,0,0,0
TXN000517,52.9,21.0,19.21,0.951,3.0,1,0,1,0
TXN000518,13.62,10.0,5.21,0.438,0.0,1,0,0,0
TXN000519,66.54,10.0,17.25,0.287,4.0,1,0,0,0
TXN000520,138.23,15.0,9.43,0.13,3.0,1,0,0,0
TXN000521,10.28,4.0,88.95,0.501,6.0,1,0,0,0
TXN000522,11.16,20.0,4.8,0.22,6.0,0,0,1,0
TXN000523,103.11,18.0,1.32,0.936,3.0,1,0,0,0
TXN000524,22.39,15.0,39.89,0.004,3.0,1,0,0,0
TXN000525,110.37,7.0,61.46,0.143,4.0,1,0,1,0
TXN000526,17.42,8.0,20.25,0.246,4.0,1,0,1,0
TXN000527,116.17,10.0,0.83,0.199,4.0,1,0,1,0
TXN000528,30.92,15.0,0.33,0.226,2.0,1,0,1,0
TXN000529,35.1,18.0,1.95,0.656,4.0,1,0,0,0
TXN000530,129.63,16.0,38.11,0.328,4.0,1,1,1,1
TXN000531,18.88,22.0,63.42,0.615,3.0,1,1,0,0
TXN000532,10.58,23.0,2.76,0.89,5.0,1,0,0,0
TXN000533,17.31,16.0,3.15,0.603,5.0,1,0,0,0
TXN000534,42.62,8.0,3.91,0.695,5.0,1,0,1,0
TXN000535,5.66,14.0,35.03,0.366,4.0,1,0,0,0
TXN000536,51.29,10.0,17.63,0.16,2.0,1,0,0,0
TXN000537,15.82,15.0,16.71,0.321,3.0,1,0,0,0
TXN000538,85.44,19.0,0.17,0.964,3.0,1,0,1,0
TXN000539,2.47,8.0,10.98,0.622,3.0,0,0,0,0
TXN000540,12.35,12.0,12.07,0.278,3.0,1,0,0,0
TXN000541,5.02,1.0,4.88,0.451,5.0,1,0,0,0
TXN000542,11.87,17.0,0.83,0.836,1.0,1,0,1,1
TXN000543,34.73,11.0,19.06,0.668,2.0,1,0,0,0
TXN000544,22.66,11.0,18.48,0.561,2.0,1,0,1,0
TXN000545,21.04,12.0,6.52,0.885,4.0,0,0,0,0
TXN000546,23.12,5.0,31.97,0.672,2.0,1,0,0,0
TXN000547,33.23,14.0,29.54,0.643,0.0,1,0,0,0
TXN000548,9.89,17.0,23.69,0.19,4.0,1,1,0,0
TXN000549,54.97,8.0,11.42,0.106,2.0,1,0,0,0
TXN000550,52.6,3.0,87.02,0.965,4.0,1,0,0,0
TXN000551,39.85,9.0,5.31,0.599,4.0,1,0,1,1
TXN000552,47.3,4.0,11.66,0.416,3.0,0,0,0,0
TXN000553,36.47,8.0,35.17,0.589,0.0,1,0,0,0
TXN000554,207.49,15.0,25.73,0.062,1.0,1,0,0,0
TXN000555,24.85,2.0,12.47,0.822,2.0,0,0,0,0
TXN000556,19.94,17.0,16.68,0.217,1.0,0,1,0,0
TXN000557,12.76,5.0,30.05,0.805,4.0,0,0,0,0
TXN000558,9.66,21.0,11.17,0.534,6.0,1,0,0,0
TXN000559,7.81,17.0,2.23,0.277,2.0,1,0,0,0
TXN000560,11.15,6.0,4.5,0.03,3.0,0,0,1,0
TXN000561,25.26,13.0,14.36,0.816,4.0,1,0,1,0
TXN000562,37.88,2.0,0.96,0.176,4.0,0,1,1,0
TXN000563,28.54,2.0,19.34,0.052,4.0,1,0,0,1
TXN000564,12.61,22.0,1.53,0.756,7.0,0,0,1,0
TXN000565,66.7,19.0,7.53,0.35,0.0,1,1,0,0
TXN000566,56.79,3.0,18.62,0.389,3.0,1,0,0,0
TXN000567,23.11,6.0,3.48,0.247,6.0,1,0,1,0
TXN000568,14.11,4.0,13.13,0.859,1.0,1,0,0,0
TXN000569,46.92,9.0,100.54,0.297,4.0,1,0,0,0
TXN000570,32.72,6.0,1.24,0.21,1.0,0,1,1,0
TXN000571,6.37,7.0,17.68,0.309,3.0,1,0,1,0
TXN000572,25.33,12.0,19.42,0.203,5.0,1,0,0,0
TXN000573,35.23,4.0,19.82,0.318,1.0,1,0,0,0
TXN000574,11.03,21.0,53.79,0.083,3.0,1,0,0,0
TXN000575,32.78,17.0,22.75,0.159,2.0,1,0,1,0
TXN000576,6.33,18.0,59.79,0.417,3.0,1,0,0,0
TXN000577,103.15,4.0,12.62,0.879,3.0,0,0,0,0
TXN000578,94.44,16.0,13.13,0.057,3.0,1,0,0,0
TXN000579,21.06,20.0,65.9,0.213,0.0,1,0,1,0
TXN000580,39.0,4.0,17.01,0.908,1.0,0,0,1,0
TXN000581,2.44,18.0,6.09,0.89,3.0,1,1,0,1
TXN000582,8.53,8.0,26.64,0.679,2.0,0,0,1,0
TXN000583,20.21,18.0,18.39,0.24,4.0,1,0,0,0
TXN000584,9.28,11.0,23.6,0.42,4.0,1,0,1,0
TXN000585,55.39,19.0,16.96,0.211,4.0,1,0,0,0
TXN000586,199.8,3.0,33.99,0.129,2.0,1,0,0,0
TXN000587,8.36,9.0,8.89,0.38,2.0,1,0,0,0
TXN000588,11.73,6.0,3.51,0.576,3.0,1,0,1,0
TXN000589,34.31,5.0,4.59,0.36,2.0,1,0,1,0
TXN000590,135.79,7.0,23.15,0.611,6.0,1,0,1,0
TXN000591,7.99,9.0,18.13,0.296,4.0,0,0,0,0
TXN000592,34.78,3.0,56.03,0.346,6.0,1,1,0,0
TXN000593,167.55,16.0,13.84,0.791,2.0,0,0,0,0
TXN000594,5.2,13.0,5.88,0.878,5.0,0,0,0,0
TXN000595,7.53,19.0,77.99,0.322,4.0,0,0,0,0
TXN000596,17.75,16.0,47.27,0.572,1.0,0,0,1,0
TXN000597,16.11,3.0,31.49,0.278,0.0,0,0,1,0
TXN000598,61.11,1.0,42.26,0.053,1.0,1,0,1,0
TXN000599,34.52,10.0,9.7,0.738,2.0,1,0,0,0
TXN000600,4.6,11.0,5.51,0.171,2.0,0,0,0,0
TXN000601,45.4,5.0,7.48,0.426,0.0,1,0,0,0
TXN000602,15.22,18.0,40.94,0.487,3.0,0,0,0,0
TXN000603,96.97,13.0,27.78,0.184,3.0,0,0,1,0
TXN000604,14.47,17.0,1.16,0.095,3.0,1,0,1,0
TXN000605,14.34,2.0,21.4,0.348,0.0,1,0,0,0
TXN000606,46.58,19.0,6.37,0.952,1.0,1,0,0,0
TXN000607,58.14,4.0,61.36,0.615,4.0,1,0,1,0
TXN000608,42.44,10.0,28.82,0.381,1.0,1,0,0,0
TXN000609,5.02,10.0,20.67,0.039,4.0,0,0,0,0
TXN000610,46.43,19.0,14.5,0.6,3.0,1,0,1,0
TXN000611,9.64,6.0,3.91,0.092,3.0,1,0,1,0
TXN000612,34.3,5.0,22.87,0.543,1.0,0,0,0,0
TXN000613,6.53,8.0,14.28,0.752,0.0,1,0,1,0
TXN000614,42.36,8.0,33.65,0.424,6.0,0,0,1,1
TXN000615,12.1,4.0,7.68,0.299,5.0,1,0,0,0
TXN000616,7.52,4.0,20.59,0.047,3.0,0,0,0,0
TXN000617,55.36,5.0,2.02,0.025,4.0,1,1,1,1
TXN000618,34.52,11.0,4.36,0.43,3.0,1,0,1,1
TXN000619,14.67,8.0,4.2,0.883,2.0,1,0,0,0
TXN000620,115.72,9.0,8.19,0.244,1.0,1,0,0,0
TXN000621,17.45,17.0,37.78,0.574,5.0,1,0,1,0
TXN000622,28.0,5.0,11.78,0.684,5.0,0,0,0,0
TXN000623,35.48,21.0,14.03,0.061,2.0,0,0,0,0
TXN000624,14.59,18.0,1.56,0.153,2.0,1,0,0,0
TXN000625,43.43,4.0,11.28,0.331,2.0,1,0,0,0
TXN000626,15.9,7.0,12.37,0.67,3.0,0,1,1,1
TXN000627,17.96,4.0,7.74,0.439,2.0,0,0,1,0
TXN000628,105.92,6.0,19.9,0.734,3.0,1,0,0,0
TXN000629,9.58,8.0,12.8,0.868,7.0,1,0,1,0
TXN000630,2.43,3.0,3.33,0.758,3.0,0,0,0,0
TXN000631,135.77,0.0,16.96,0.992,2.0,1,0,0,1
TXN000632,347.0,10.0,13.04,0.754,0.0,1,0,0,0
TXN000633,18.08,16.0,7.73,0.852,5.0,0,0,1,0
TXN000634,3.91,7.0,0.5,0.832,3.0,1,0,1,0
TXN000635,19.88,20.0,9.89,0.73,4.0,0,0,1,0
TXN000636,20.36,8.0,44.91,0.802,1.0,1,0,0,0
TXN000637,22.42,21.0,33.54,0.935,1.0,0,0,0,0
TXN000638,8.9,5.0,15.99,0.475,4.0,0,0,0,0
TXN000639,48.4,12.0,3.91,0.638,4.0,0,0,1,0
TXN000640,45.81,18.0,27.32,0.515,4.0,0,0,0,0
TXN000641,6.08,1.0,31.35,0.851,6.0,0,1,1,0
TXN000642,54.55,22.0,0.88,0.431,4.0,1,0,1,0
TXN000643,211.17,8.0,47.62,0.82,4.0,0,0,0,0
TXN000644,32.2,11.0,50.4,0.799,3.0,0,0,0,1
TXN000645,19.35,15.0,4.59,0.962,1.0,1,0,0,0
TXN000646,23.52,15.0,8.09,0.249,6.0,1,1,1,0
TXN000647,50.16,0.0,1.3,0.71,4.0,1,0,1,1
TXN000648,4.8,20.0,29.78,0.757,3.0,1,0,0,0
TXN000649,31.96,14.0,13.48,0.936,4.0,0,0,1,1
TXN000650,18.35,23.0,22.77,0.907,5.0,1,0,0,0
TXN000651,172.06,11.0,19.6,0.574,2.0,1,0,0,0
TXN000652,22.78,14.0,24.96,0.579,3.0,1,0,1,0
TXN000653,143.72,10.0,11.34,0.167,4.0,1,0,1,0
TXN000654,8.99,21.0,5.35,0.975,0.0,0,0,0,1
TXN000655,48.78,19.0,10.7,0.255,2.0,1,0,1,0
TXN000656,37.32,21.0,3.16,0.725,5.0,1,1,1,1
TXN000657,11.37,12.0,76.12,0.796,3.0,1,0,1,0
TXN000658,32.38,18.0,10.04,0.441,8.0,0,0,1,1
TXN000659,91.15,8.0,5.93,0.211,2.0,0,0,0,1
TXN000660,19.61,11.0,8.11,0.189,5.0,1,0,0,0
TXN000661,4.99,18.0,8.61,0.856,2.0,1,0,1,1
TXN000662,26.64,1.0,12.73,0.511,1.0,1,0,0,0
TXN000663,11.0,17.0,12.8,0.09,2.0,1,0,0,0
TXN000664,19.25,0.0,6.44,0.717,3.0,0,0,0,0
TXN000665,24.99,13.0,13.0,0.25,0.0,1,0,0,0
TXN000666,4.93,11.0,73.56,0.876,5.0,1,0,0,0
TXN000667,5.39,11.0,2.35,0.31,2.0,1,1,0,0
TXN000668,43.91,11.0,3.84,0.2,2.0,1,0,0,0
TXN000669,16.08,11.0,64.69,0.085,1.0,1,0,0,0
TXN000670,2.09,9.0,31.05,0.512,5.0,1,0,1,0
TXN000671,59.43,10.0,61.2,0.451,4.0,1,0,1,0
TXN000672,35.6,13.0,22.43,0.751,1.0,1,0,0,0
TXN000673,13.28,18.0,37.58,0.465,2.0,1,0,0,0
TXN000674,7.27,13.0,1.63,0.344,5.0,0,0,0,1
TXN000675,62.54,15.0,35.89,0.262,7.0,1,0,1,0
TXN000676,38.45,20.0,14.96,0.278,6.0,1,0,1,0
TXN000677,293.71,23.0,39.07,0.928,5.0,1,0,1,0
TXN000678,41.27,2.0,17.02,0.165,1.0,0,0,1,1
TXN000679,39.95,17.0,0.15,0.988,4.0,0,0,0,0
TXN000680,22.94,5.0,6.93,0.327,6.0,0,0,0,0
TXN000681,61.36,4.0,4.17,0.088,4.0,1,1,0,0
TXN000682,50.66,19.0,24.89,0.249,8.0,0,0,0,0
TXN000683,94.8,1.0,19.9,0.058,4.0,1,0,0,0
TXN000684,16.1,20.0,6.59,0.79,3.0,0,0,1,0
TXN000685,17.54,18.0,9.73,0.513,2.0,0,0,0,0
TXN000686,16.79,23.0,4.49,0.337,3.0,1,1,1,0
TXN000687,59.79,16.0,4.08,0.662,3.0,1,1,0,0
TXN000688,121.31,20.0,1.96,0.631,2.0,1,0,0,0
TXN000689,17.14,2.0,13.47,0.94,6.0,1,0,1,0
TXN000690,17.73,21.0,5.7,0.961,4.0,0,0,0,0
TXN000691,37.12,3.0,11.05,0.681,0.0,1,0,0,0
TXN000692,21.21,7.0,15.4,0.818,1.0,0,0,0,0
TXN000693,70.25,3.0,16.06,0.792,6.0,0,0,1,0
TXN000694,2.85,9.0,4.33,0.491,8.0,1,0,0,0
TXN000695,11.86,17.0,6.51,0.704,1.0,1,0,1,1
TXN000696,12.4,6.0,0.26,0.078,1.0,1,0,1,0
TXN000697,2.66,19.0,9.69,0.758,1.0,0,0,1,0
TXN000698,10.34,14.0,25.02,0.962,4.0,1,0,0,0
TXN000699,10.86,15.0,0.67,0.085,0.0,1,1,1,0
TXN000700,22.17,22.0,32.75,0.836,5.0,1,1,0,0
TXN000701,82.51,10.0,40.93,0.933,,0,0,1,0
TXN000702,21.22,8.0,15.07,0.226,1.0,1,0,0,0
TXN000703,9.67,23.0,32.83,0.525,1.0,1,0,0,0
TXN000704,25.61,13.0,11.14,0.928,1.0,0,0,0,0
TXN000705,77.41,14.0,5.93,0.96,2.0,1,0,1,0
TXN000706,10.22,7.0,1.14,0.128,4.0,1,0,1,0
TXN000707,10.91,5.0,0.92,0.349,4.0,1,0,0,0
TXN000708,47.4,4.0,33.02,0.698,3.0,1,0,0,0
TXN000709,21.73,5.0,49.77,0.222,2.0,1,0,1,0
TXN000710,51.8,4.0,14.25,0.325,2.0,1,0,1,0
TXN000711,26.75,17.0,40.17,0.023,2.0,1,1,1,0
TXN000712,54.69,1.0,18.46,0.154,0.0,1,0,0,0
TXN000713,9.63,15.0,30.21,0.562,1.0,1,1,1,0
TXN000714,26.79,22.0,17.01,0.653,6.0,1,0,1,0
TXN000715,21.96,18.0,16.25,0.649,2.0,1,0,0,0
TXN000716,8.04,9.0,7.67,0.778,4.0,0,1,0,0
TXN000717,5.68,1.0,16.94,0.415,7.0,0,1,0,1
TXN000718,53.83,20.0,5.41,0.273,1.0,1,1,0,0
TXN000719,19.09,0.0,1.03,0.016,5.0,0,0,1,0
TXN000720,9.75,16.0,13.81,0.207,2.0,0,0,0,0
TXN000721,24.63,16.0,1.77,0.312,1.0,1,0,0,0
TXN000722,83.77,4.0,10.23,0.178,2.0,0,0,0,0
TXN000723,2.77,17.0,0.4,0.02,1.0,0,1,1,1
TXN000724,6.07,4.0,17.17,0.157,0.0,1,0,1,0
TXN000725,10.77,5.0,6.81,0.666,3.0,1,0,0,0
TXN000726,116.88,19.0,2.39,0.63,7.0,1,1,1,1
TXN000727,35.97,23.0,9.63,0.936,3.0,1,1,0,0
TXN000728,58.4,6.0,9.06,0.798,5.0,0,1,1,1
TXN000729,8.67,22.0,26.55,0.568,4.0,1,0,1,0
TXN000730,8.85,21.0,45.4,0.138,3.0,1,0,0,0
TXN000731,42.43,18.0,25.36,0.564,2.0,1,1,1,0
TXN000732,28.74,3.0,2.29,0.062,3.0,0,0,0,0
TXN000733,46.93,7.0,4.82,0.431,6.0,1,0,1,0
TXN000734,22.47,16.0,114.11,0.39,7.0,0,1,0,0
TXN000735,35.81,23.0,9.4,0.428,2.0,1,0,1,1
TXN000736,31.76,19.0,9.16,0.28,5.0,1,0,0,0
TXN000737,59.01,10.0,30.3,0.686,1.0,1,0,0,0
TXN000738,60.76,5.0,29.23,0.841,4.0,1,0,0,0
TXN000739,5.37,23.0,2.52,0.769,0.0,1,1,1,0
TXN000740,2.87,6.0,16.23,0.628,3.0,1,0,0,0
TXN000741,73.83,8.0,2.24,0.538,3.0,1,0,1,0
TXN000742,88.92,23.0,32.72,0.031,1.0,1,0,0,0
TXN000743,9.77,13.0,1.41,0.723,2.0,0,1,1,0
TXN000744,4.22,6.0,13.81,0.545,4.0,0,1,0,0
TXN000745,29.94,0.0,37.43,0.271,5.0,1,0,1,0
TXN000746,68.77,10.0,10.49,0.328,2.0,0,0,1,1
TXN000747,163.63,23.0,22.37,0.936,4.0,1,0,0,0
TXN000748,45.44,10.0,15.97,0.624,3.0,1,0,0,0
TXN000749,18.7,16.0,36.0,0.476,3.0,1,0,1,0
TXN000750,11.1,6.0,55.07,0.621,3.0,1,0,0,0
TXN000751,27.42,18.0,22.75,0.414,1.0,0,0,0,0
TXN000752,20.1,18.0,46.64,0.47,2.0,1,0,0,0
TXN000753,9.83,14.0,7.79,0.29,1.0,1,0,1,0
TXN000754,210.35,18.0,14.2,0.44,3.0,1,0,1,0
TXN000755,161.61,13.0,10.75,0.686,1.0,1,0,1,0
TXN000756,84.44,9.0,48.14,0.04,4.0,1,0,1,0
TXN000757,10.8,17.0,30.61,0.795,4.0,1,0,0,0
TXN000758,63.75,20.0,6.75,0.283,6.0,1,0,0,0
TXN000759,51.4,20.0,8.44,0.683,5.0,1,1,0,0
TXN000760,42.21,5.0,56.77,0.643,3.0,1,0,0,0
TXN000761,94.6,16.0,4.96,0.653,3.0,0,1,0,1
TXN000762,51.18,0.0,9.17,0.608,1.0,1,0,1,0
TXN000763,56.83,13.0,8.22,0.959,6.0,1,0,0,0
TXN000764,51.26,13.0,0.49,0.508,4.0,1,0,0,0
TXN000765,38.12,8.0,16.07,0.732,3.0,1,0,0,0
TXN000766,4.56,23.0,9.69,0.705,1.0,1,0,0,0
TXN000767,29.48,21.0,2.38,0.236,4.0,1,0,0,0
TXN000768,15.55,0.0,0.32,0.283,2.0,1,0,0,0
TXN000769,7.54,5.0,9.92,0.424,5.0,1,0,0,0
TXN000770,145.74,4.0,30.93,0.278,6.0,1,0,0,0
TXN000771,152.78,21.0,27.78,0.367,1.0,1,1,1,0
TXN000772,105.55,12.0,4.89,0.391,2.0,1,0,1,0
TXN000773,35.0,17.0,6.5,0.604,2.0,1,0,1,0
TXN000774,104.65,19.0,11.96,0.22,2.0,1,0,1,0
TXN000775,27.44,18.0,1.72,0.804,4.0,0,1,1,1
TXN000776,33.21,2.0,18.37,0.438,0.0,1,0,0,0
TXN000777,9.08,3.0,5.36,0.706,5.0,0,0,1,0
TXN000778,40.33,9.0,38.33,0.081,2.0,1,0,0,0
TXN000779,28.8,8.0,18.79,0.47,5.0,1,0,0,0
TXN000780,7.37,17.0,6.73,0.028,3.0,1,0,0,0
TXN000781,25.76,3.0,29.83,0.676,2.0,0,1,0,0
TXN000782,25.03,8.0,41.16,0.344,3.0,1,0,1,0
TXN000783,163.62,5.0,14.12,0.949,1.0,1,0,0,0
TXN000784,66.3,4.0,5.78,0.324,0.0,1,0,1,0
TXN000785,27.42,4.0,59.76,0.564,3.0,1,0,1,0
TXN000786,34.77,4.0,36.4,0.257,2.0,0,1,0,0
TXN000787,28.34,13.0,43.91,0.62,5.0,1,0,0,0
TXN000788,22.13,9.0,20.11,0.467,1.0,1,0,0,0
TXN000789,9.19,10.0,18.8,0.371,4.0,1,0,0,0
TXN000790,23.31,11.0,21.43,0.204,4.0,1,0,1,0
TXN000791,12.86,17.0,3.24,0.112,2.0,0,0,1,0
TXN000792,7.77,20.0,16.87,0.12,2.0,0,0,1,0
TXN000793,45.21,12.0,3.43,0.999,2.0,0,1,0,1
TXN000794,40.1,15.0,5.36,0.412,3.0,1,1,1,1
TXN000795,4.54,17.0,7.12,0.002,2.0,1,0,1,0
TXN000796,23.98,16.0,26.05,0.953,4.0,1,0,0,0
TXN000797,73.38,3.0,12.95,0.02,4.0,1,0,0,0
TXN000798,78.2,23.0,12.93,0.419,3.0,0,0,0,1
TXN000799,75.63,3.0,19.38,0.717,5.0,1,0,0,0
TXN000800,28.19,9.0,12.85,0.915,2.0,1,0,1,0
TXN000801,11.65,15.0,22.69,0.713,4.0,1,1,1,1
TXN000802,9.17,9.0,1.39,0.464,1.0,0,0,0,1
TXN000803,38.27,5.0,9.16,0.974,3.0,1,0,1,0
TXN000804,39.62,22.0,13.43,0.039,5.0,0,1,0,0
TXN000805,98.23,1.0,2.1,0.987,2.0,0,0,0,0
TXN000806,81.45,5.0,11.06,0.849,1.0,0,0,1,1
TXN000807,23.75,23.0,11.28,0.929,5.0,1,1,1,0
TXN000808,7.81,17.0,22.13,0.255,1.0,1,0,1,0
TXN000809,19.71,2.0,7.09,0.142,4.0,1,0,0,0
TXN000810,33.69,18.0,19.75,0.663,2.0,0,0,1,0
TXN000811,22.15,23.0,24.61,0.516,5.0,0,0,1,0
TXN000812,15.21,2.0,21.23,0.523,3.0,1,1,1,1
TXN000813,34.91,9.0,5.77,0.925,2.0,1,0,0,0
TXN000814,16.38,11.0,23.51,0.62,1.0,1,0,0,0
TXN000815,14.47,3.0,21.63,0.311,4.0,1,0,1,0
TXN000816,37.02,4.0,7.02,0.4,3.0,1,0,1,0
TXN000817,18.14,4.0,4.79,0.133,4.0,1,0,1,0
TXN000818,34.61,4.0,6.74,0.192,4.0,0,1,0,1
TXN000819,35.63,9.0,3.12,0.143,0.0,1,0,1,0
TXN000820,8.68,11.0,14.77,0.81,1.0,1,0,0,0
TXN000821,16.76,5.0,13.35,0.705,6.0,1,0,0,0
TXN000822,114.18,6.0,10.7,0.53,2.0,1,0,0,0
TXN000823,8.48,4.0,6.31,0.374,3.0,1,0,0,0
TXN000824,3.27,19.0,1.96,0.668,7.0,1,0,1,0
TXN000825,4.21,5.0,41.19,0.813,1.0,1,0,0,0
TXN000826,27.91,21.0,15.37,0.881,5.0,1,0,0,0
TXN000827,27.96,12.0,27.33,0.547,1.0,1,0,1,0
TXN000828,24.1,19.0,32.19,0.82,2.0,1,0,1,0
TXN000829,91.3,15.0,27.5,0.511,4.0,1,0,0,0
TXN000830,1.87,6.0,10.01,0.475,1.0,1,1,0,0
TXN000831,40.28,14.0,17.98,0.865,1.0,1,0,1,0
TXN000832,129.21,6.0,0.82,0.386,4.0,1,0,0,0
TXN000833,8.78,2.0,30.69,0.396,5.0,1,0,0,0
TXN000834,18.54,6.0,42.83,0.305,2.0,1,0,0,0
TXN000835,12.77,6.0,49.28,0.519,1.0,0,0,0,0
TXN000836,11.09,3.0,5.0,0.545,3.0,1,0,1,0
TXN000837,19.56,0.0,4.48,0.66,5.0,1,0,0,0
TXN000838,113.01,22.0,12.32,0.431,2.0,1,1,0,0
TXN000839,170.27,12.0,18.42,0.218,3.0,0,0,0,0
TXN000840,19.38,9.0,16.56,0.867,5.0,1,0,0,0
TXN000841,182.19,22.0,35.97,0.346,1.0,0,0,0,0
TXN000842,28.09,5.0,13.6,0.923,2.0,1,1,1,1
TXN000843,156.6,9.0,13.09,0.207,0.0,0,0,0,0
TXN000844,24.7,20.0,13.97,0.56,3.0,1,0,0,0
TXN000845,30.91,15.0,10.21,0.537,3.0,1,0,0,0
TXN000846,39.07,9.0,9.89,0.829,7.0,1,1,1,0
TXN000847,651.22,6.0,6.96,0.139,4.0,1,0,0,0
TXN000848,63.52,0.0,2.73,0.91,7.0,0,0,1,0
TXN000849,13.37,2.0,5.52,0.531,5.0,0,0,1,0
TXN000850,71.45,3.0,2.71,0.586,4.0,1,0,0,0
TXN000851,18.88,18.0,12.04,0.51,3.0,1,0,1,1
TXN000852,16.61,15.0,65.84,0.036,2.0,1,0,0,0
TXN000853,67.26,10.0,15.87,0.497,2.0,1,0,1,0
TXN000854,27.97,18.0,14.17,0.264,5.0,1,0,1,0
TXN000855,35.82,3.0,14.74,0.343,0.0,1,0,0,0
TXN000856,27.49,5.0,4.47,0.649,4.0,1,0,1,0
TXN000857,37.96,9.0,11.97,0.498,4.0,0,1,0,1
TXN000858,41.47,22.0,4.12,0.093,1.0,0,0,0,0
TXN000859,3.91,14.0,19.7,0.073,3.0,0,0,1,0
TXN000860,52.8,20.0,33.32,0.186,1.0,1,0,1,0
TXN000861,10.16,5.0,4.46,0.191,4.0,0,0,0,1
TXN000862,6.41,20.0,49.16,0.608,5.0,1,0,1,0
TXN000863,25.57,1.0,39.97,0.178,4.0,1,0,1,0
TXN000864,29.49,5.0,0.03,0.882,4.0,1,0,0,0
TXN000865,13.55,12.0,8.07,0.21,7.0,0,0,1,0
TXN000866,62.24,1.0,3.86,0.091,1.0,1,0,1,0
TXN000867,7.08,20.0,3.06,0.876,4.0,0,0,1,0
TXN000868,18.05,20.0,31.72,0.295,0.0,1,0,1,0
TXN000869,15.11,12.0,22.63,0.425,2.0,0,0,0,0
TXN000870,25.88,7.0,11.92,0.959,2.0,1,0,0,0
TXN000871,35.83,2.0,29.35,0.944,3.0,0,0,0,1
TXN000872,9.9,14.0,26.09,0.715,4.0,1,0,0,0
TXN000873,55.94,12.0,1.71,0.069,2.0,1,0,0,0
TXN000874,28.88,18.0,1.5,0.593,4.0,0,0,1,0
TXN000875,4.09,14.0,25.58,0.989,1.0,1,0,0,0
TXN000876,3.82,3.0,1.84,0.947,4.0,1,0,1,0
TXN000877,26.78,2.0,33.97,0.106,1.0,0,0,0,0
TXN000878,21.74,18.0,18.64,0.396,3.0,1,0,0,0
TXN000879,24.45,3.0,23.01,0.316,2.0,0,0,1,0
TXN000880,26.36,22.0,9.6,0.13,3.0,1,0,1,0
TXN000881,33.97,2.0,5.61,0.695,4.0,0,0,0,1
TXN000882,69.94,17.0,7.34,0.274,6.0,1,0,1,0
TXN000883,8.93,23.0,2.27,0.345,5.0,1,0,0,0
TXN000884,8.4,10.0,7.68,0.09,4.0,0,0,0,0
TXN000885,9.09,1.0,21.12,0.498,0.0,1,0,0,0
TXN000886,36.19,21.0,37.2,0.158,4.0,1,0,1,0
TXN000887,94.16,4.0,1.15,0.432,2.0,1,0,0,0
TXN000888,17.61,12.0,35.55,0.143,4.0,1,0,1,0
TXN000889,2.22,23.0,54.92,0.954,1.0,1,0,0,0
TXN000890,4.93,17.0,47.34,0.145,4.0,1,0,0,0
TXN000891,11.79,1.0,14.23,0.522,3.0,0,0,1,0
TXN000892,15.52,19.0,35.44,0.197,2.0,1,1,0,0
TXN000893,18.02,3.0,25.83,0.076,6.0,1,0,0,0
TXN000894,28.18,17.0,13.68,0.202,2.0,1,0,0,0
TXN000895,19.85,14.0,15.01,0.055,4.0,1,0,0,0
TXN000896,77.43,6.0,3.18,0.139,3.0,1,1,0,0
TXN000897,13.79,10.0,31.16,0.493,3.0,0,0,0,0
TXN000898,11.45,2.0,1.43,0.652,1.0,1,0,1,0
TXN000899,43.77,23.0,20.72,0.087,3.0,1,0,0,0
TXN000900,5.84,5.0,69.71,0.441,5.0,0,0,0,0
TXN000901,40.03,7.0,25.67,0.581,3.0,1,0,1,0
TXN000902,30.04,12.0,14.54,0.234,3.0,1,0,0,0
TXN000903,23.4,16.0,8.57,0.372,4.0,1,0,1,0
TXN000904,132.72,12.0,33.98,0.072,3.0,1,0,1,0
TXN000905,14.55,12.0,1.7,0.22,4.0,1,1,0,0
TXN000906,212.79,13.0,12.17,0.467,1.0,0,0,0,0
TXN000907,21.64,20.0,26.84,0.99,1.0,1,1,0,0
TXN000908,7.56,9.0,7.36,0.996,2.0,1,0,0,0
TXN000909,29.08,19.0,8.89,0.98,5.0,1,1,0,1
TXN000910,9.24,18.0,1.67,0.423,2.0,0,0,1,0
TXN000911,12.78,23.0,2.91,0.081,3.0,0,0,1,0
TXN000912,40.33,21.0,0.53,0.324,2.0,0,0,0,0
TXN000913,47.26,19.0,7.7,0.238,1.0,1,0,1,1
TXN000914,14.55,5.0,13.24,0.014,3.0,0,0,0,0
TXN000915,72.78,18.0,7.16,0.095,0.0,1,0,1,0
TXN000916,86.27,17.0,6.27,0.453,1.0,1,0,1,0
TXN000917,114.01,6.0,20.8,0.34,2.0,1,0,0,0
TXN000918,46.04,16.0,49.8,0.18,4.0,0,0,0,1
TXN000919,106.0,6.0,13.55,0.716,2.0,1,0,0,0
TXN000920,4.13,12.0,14.18,0.357,2.0,1,0,1,0
TXN000921,19.73,,5.99,0.852,4.0,1,0,0,0
TXN000922,11.39,4.0,8.41,0.241,2.0,1,0,1,0
TXN000923,30.55,8.0,7.42,0.538,1.0,0,0,0,0
TXN000924,15.31,19.0,55.16,0.184,5.0,0,0,0,0
TXN000925,22.96,10.0,22.36,0.495,4.0,1,0,1,1
TXN000926,178.07,23.0,27.63,0.152,3.0,1,0,0,0
TXN000927,22.88,0.0,3.86,0.162,4.0,1,0,0,0
TXN000928,41.01,17.0,31.13,0.612,5.0,0,1,1,1
TXN000929,21.49,19.0,10.47,0.264,2.0,1,0,0,1
TXN000930,29.25,22.0,2.68,0.172,1.0,1,0,1,0
TXN000931,27.28,3.0,18.46,0.93,3.0,1,0,1,0
TXN000932,42.45,23.0,2.87,0.043,2.0,1,0,0,0
TXN000933,86.95,9.0,10.87,0.565,1.0,1,0,0,0
TXN000934,140.81,8.0,2.37,0.548,2.0,1,0,0,0
TXN000935,36.95,8.0,14.19,0.251,4.0,0,1,1,0
TXN000936,48.89,15.0,4.07,0.453,5.0,1,0,1,0
TXN000937,8.58,15.0,4.34,0.088,2.0,1,0,1,0
TXN000938,24.83,11.0,2.92,0.721,3.0,1,0,1,0
TXN000939,69.43,1.0,0.76,0.222,2.0,1,1,0,0
TXN000940,64.46,23.0,2.41,0.193,4.0,1,0,0,0
TXN000941,33.5,5.0,26.83,0.315,2.0,1,0,0,0
TXN000942,65.79,2.0,8.49,0.902,3.0,0,0,1,0
TXN000943,44.29,14.0,32.2,0.796,11.0,1,0,0,0
TXN000944,90.04,9.0,48.07,0.947,6.0,0,0,0,1
TXN000945,36.21,14.0,52.1,0.652,1.0,1,1,0,0
TXN000946,19.0,21.0,1.31,0.663,1.0,1,0,0,0
TXN000947,37.93,2.0,14.1,0.48,5.0,1,0,0,0
TXN000948,1.45,6.0,1.92,0.905,0.0,0,0,0,0
TXN000949,39.76,12.0,38.25,0.511,9.0,0,0,1,1
TXN000950,1.0,18.0,27.33,0.355,0.0,1,1,1,0
TXN000951,4.84,14.0,8.08,0.64,3.0,1,0,0,0
TXN000952,42.6,9.0,8.85,0.546,2.0,1,0,1,0
TXN000953,43.71,14.0,14.62,0.124,3.0,1,0,0,0
TXN000954,8.48,23.0,21.1,0.393,5.0,0,0,1,0
TXN000955,13.3,11.0,33.47,0.313,2.0,1,0,0,0
TXN000956,106.76,21.0,2.09,0.847,3.0,1,0,1,0
TXN000957,16.71,18.0,14.83,0.379,3.0,0,0,0,1
TXN000958,255.42,7.0,8.63,0.822,5.0,0,1,0,0
TXN000959,27.06,5.0,5.75,0.442,7.0,0,0,1,1
TXN000960,40.77,18.0,22.14,0.754,4.0,1,0,1,0
TXN000961,136.58,4.0,9.25,0.135,4.0,1,0,1,0
TXN000962,30.91,8.0,25.43,0.925,3.0,1,0,0,0
TXN000963,9.95,5.0,31.54,0.481,4.0,1,0,0,0
TXN000964,24.3,14.0,8.52,0.26,0.0,1,0,1,0
TXN000965,26.16,7.0,0.31,0.241,3.0,1,0,0,0
TXN000966,6.93,15.0,63.46,0.265,1.0,1,0,0,0
TXN000967,20.99,22.0,22.01,0.367,4.0,1,0,0,0
TXN000968,12.91,19.0,40.87,0.718,1.0,1,0,0,0
TXN000969,68.33,22.0,1.71,0.95,1.0,1,0,0,0
TXN000970,28.07,0.0,2.51,0.669,2.0,1,0,0,0
TXN000971,20.43,10.0,1.11,0.547,2.0,1,0,1,0
TXN000972,24.38,5.0,4.42,0.449,3.0,0,0,1,0
TXN000973,33.89,22.0,0.16,0.828,3.0,0,0,1,0
TXN000974,50.24,17.0,37.75,0.85,4.0,1,0,1,0
TXN000975,9.98,7.0,6.8,0.293,3.0,1,0,0,0
TXN000976,9.57,13.0,28.77,0.953,5.0,1,0,1,0
TXN000977,81.83,14.0,32.16,0.395,4.0,1,0,1,0
TXN000978,17.95,11.0,31.9,0.8,5.0,1,0,0,0
TXN000979,6.57,11.0,11.93,0.967,4.0,0,0,0,1
TXN000980,42.26,1.0,63.37,0.704,0.0,1,0,1,0
TXN000981,43.09,10.0,39.89,0.162,3.0,1,0,1,0
TXN000982,5.87,8.0,57.49,0.586,3.0,0,0,1,1
TXN000983,34.11,19.0,15.94,0.119,2.0,1,0,1,0
TXN000984,56.58,20.0,36.78,0.789,1.0,1,0,1,0
TXN000985,39.42,18.0,11.05,0.281,6.0,1,0,1,0
TXN000986,51.01,0.0,23.82,0.695,2.0,0,0,1,1
TXN000987,6.66,20.0,21.65,0.91,2.0,1,0,1,0
TXN000988,37.75,9.0,1.34,0.181,4.0,1,1,1,0
TXN000989,20.03,9.0,4.05,0.393,5.0,0,0,0,1
TXN000990,16.73,22.0,27.89,0.647,5.0,1,0,1,0
TXN000991,64.75,20.0,0.47,0.42,2.0,0,0,0,0
TXN000992,119.02,1.0,26.37,0.175,4.0,1,0,0,0
TXN000993,163.1,8.0,15.88,0.029,4.0,1,0,0,0
TXN000994,100.97,17.0,84.67,0.407,4.0,1,0,0,0
TXN000995,24.29,12.0,0.62,0.649,1.0,0,0,0,1
TXN000996,38.58,6.0,13.02,0.574,3.0,1,0,0,0
TXN000997,58.37,12.0,57.19,0.156,2.0,1,0,0,0
TXN000998,30.61,20.0,0.16,0.451,6.0,0,0,1,0
TXN000999,30.9,5.0,19.17,0.369,2.0,1,0,1,0
TXN001000,61.79,17.0,7.78,0.274,4.0,0,0,1,0
TXN001001,25.55,17.0,5.23,0.729,2.0,1,0,0,0
TXN001002,13.08,21.0,24.41,0.31,4.0,1,0,0,0
TXN001003,17.91,7.0,11.27,0.54,4.0,0,1,1,1
TXN001004,51.11,5.0,15.32,0.923,4.0,0,0,0,1
TXN001005,27.19,13.0,0.0,0.539,5.0,1,0,1,0
TXN001006,38.1,12.0,14.08,0.617,1.0,0,0,1,0
TXN001007,52.99,9.0,1.44,0.073,1.0,0,0,0,0
TXN001008,18.64,18.0,11.84,0.178,4.0,0,0,0,0
TXN001009,57.76,19.0,1.61,0.101,4.0,1,0,0,0
TXN001010,39.6,5.0,19.81,0.765,3.0,1,0,0,0
TXN001011,7.89,19.0,3.41,0.836,4.0,1,0,0,0
TXN001012,114.7,5.0,0.49,0.186,4.0,1,0,1,0
TXN001013,16.43,9.0,30.71,0.219,4.0,1,0,1,0
TXN001014,5.18,0.0,4.4,0.323,4.0,1,0,0,0
TXN001015,9.53,8.0,0.15,0.591,3.0,1,0,0,0
TXN001016,9.77,23.0,21.52,0.622,4.0,1,0,0,0
TXN001017,28.56,10.0,13.43,0.687,4.0,1,0,0,0
TXN001018,20.62,17.0,17.01,0.905,3.0,1,0,1,0
TXN001019,19.36,2.0,36.96,0.295,2.0,1,0,1,0
TXN001020,50.39,15.0,3.64,0.659,5.0,0,0,1,0
TXN001021,38.09,8.0,5.1,0.56,0.0,0,0,0,0
TXN001022,37.19,17.0,24.75,0.306,2.0,1,0,0,0
TXN001023,40.85,22.0,8.15,0.907,4.0,1,0,1,0
TXN001024,50.21,12.0,5.3,0.095,1.0,1,0,1,0
TXN001025,3.29,2.0,30.15,0.712,6.0,1,0,1,0
TXN001026,18.83,11.0,7.78,0.728,2.0,0,0,0,0
TXN001027,3.06,2.0,7.5,0.915,4.0,1,0,1,0
TXN001028,28.11,10.0,52.68,0.519,2.0,1,0,0,0
TXN001029,26.99,1.0,0.3,0.322,5.0,1,0,0,0
TXN001030,77.13,15.0,54.07,0.828,1.0,0,0,1,0
TXN001031,88.91,7.0,7.26,0.771,1.0,0,0,0,0
TXN001032,33.21,4.0,58.89,0.5,5.0,0,0,1,0
TXN001033,16.44,0.0,2.49,0.768,2.0,1,0,0,0
TXN001034,44.04,21.0,15.44,0.268,3.0,0,0,0,0
TXN001035,15.99,20.0,24.15,0.59,3.0,1,0,0,0
TXN001036,27.07,19.0,25.06,0.865,1.0,1,0,1,0
TXN001037,72.69,1.0,1.73,0.318,2.0,0,0,1,0
TXN001038,15.52,8.0,1.63,0.484,5.0,1,0,0,0
TXN001039,60.68,23.0,17.41,0.951,3.0,0,0,0,1
TXN001040,53.38,13.0,1.72,0.798,2.0,1,0,0,0
TXN001041,10.44,3.0,29.0,0.887,5.0,1,0,0,0
TXN001042,71.8,3.0,33.81,0.385,2.0,1,0,1,0
TXN001043,54.52,6.0,2.75,0.997,6.0,0,0,0,1
TXN001044,30.02,23.0,26.39,0.153,6.0,1,1,0,0
TXN001045,12.65,4.0,0.9,0.519,4.0,0,0,0,0
TXN001046,11.48,21.0,56.51,0.479,4.0,1,0,1,0
TXN001047,15.84,16.0,13.27,0.798,1.0,0,0,1,1
TXN001048,46.65,22.0,23.71,0.909,6.0,1,0,1,0
TXN001049,10.43,19.0,23.46,0.731,2.0,1,0,1,0
TXN001050,41.99,7.0,19.28,0.627,0.0,0,0,1,0
TXN001051,7.83,19.0,16.05,0.427,7.0,0,0,0,0
TXN001052,22.11,4.0,0.51,0.51,3.0,1,0,1,0
TXN001053,30.25,6.0,36.18,0.509,1.0,1,0,1,0
TXN001054,312.66,5.0,16.61,0.02,2.0,1,0,0,0
TXN001055,6.84,3.0,5.16,0.503,3.0,0,0,1,0
TXN001056,118.16,2.0,7.61,0.856,2.0,1,0,1,0
TXN001057,31.5,4.0,8.08,0.709,9.0,0,0,1,0
TXN001058,40.9,2.0,1.2,0.796,3.0,1,1,0,0
TXN001059,30.52,9.0,3.76,0.39,3.0,0,1,0,0
TXN001060,42.3,1.0,0.36,0.529,3.0,1,0,1,0
TXN001061,23.25,1.0,16.11,0.033,2.0,1,0,0,0
TXN001062,116.05,23.0,9.66,0.383,5.0,1,0,0,0
TXN001063,17.18,2.0,57.54,0.474,2.0,1,0,0,0
TXN001064,84.12,1.0,4.88,0.255,4.0,1,0,0,0
TXN001065,14.23,0.0,15.44,0.031,3.0,1,0,1,0
TXN001066,25.53,3.0,1.24,0.69,0.0,0,0,1,0
TXN001067,9.28,12.0,6.48,0.435,0.0,1,0,1,0
TXN001068,42.74,19.0,17.04,0.416,4.0,1,0,0,0
TXN001069,115.02,17.0,54.54,0.25,4.0,0,0,0,0
TXN001070,25.09,13.0,58.84,0.538,6.0,1,0,0,0
TXN001071,22.27,2.0,0.9,0.438,2.0,1,0,0,0
TXN001072,8.89,18.0,17.5,0.474,3.0,0,0,1,1
TXN001073,21.56,0.0,4.55,0.581,6.0,0,1,0,0
TXN001074,5.51,15.0,37.64,0.006,3.0,0,1,0,0
TXN001075,10.88,9.0,24.09,0.908,2.0,0,0,1,0
TXN001076,34.01,21.0,4.23,0.071,1.0,1,0,1,0
TXN001077,101.39,7.0,8.86,0.451,0.0,1,0,0,0
TXN001078,449.98,15.0,0.14,0.207,4.0,1,0,1,0
TXN001079,15.08,10.0,9.36,0.524,7.0,0,0,0,0
TXN001080,113.9,12.0,14.22,0.28,3.0,0,0,1,1
TXN001081,34.6,22.0,11.62,0.86,4.0,1,0,1,0
TXN001082,23.31,17.0,23.39,0.396,4.0,1,0,0,0
TXN001083,41.79,9.0,2.66,0.639,7.0,1,0,0,0
TXN001084,28.84,10.0,31.67,0.249,2.0,1,0,0,0
TXN001085,30.28,16.0,8.51,0.019,3.0,0,0,1,0
TXN001086,18.02,8.0,8.87,0.404,2.0,1,0,0,0
TXN001087,6.7,4.0,6.34,0.536,4.0,1,0,1,0
TXN001088,5.79,11.0,27.16,0.46,2.0,0,0,0,0
TXN001089,52.1,1.0,9.26,0.962,5.0,1,0,0,0
TXN001090,20.56,4.0,6.67,0.707,1.0,1,0,0,0
TXN001091,14.94,10.0,18.1,0.996,4.0,1,0,0,0
TXN001092,27.34,19.0,18.28,0.295,1.0,1,0,0,0
TXN001093,60.04,18.0,7.17,0.789,3.0,1,0,1,0
TXN001094,32.47,6.0,34.61,0.556,2.0,1,0,1,0
TXN001095,14.07,10.0,8.65,0.612,5.0,1,0,0,0
TXN001096,92.42,3.0,23.37,0.986,2.0,1,0,1,1
TXN001097,131.52,18.0,6.29,0.654,4.0,1,0,0,1
TXN001098,44.46,5.0,27.39,0.899,1.0,1,0,1,0
TXN001099,71.78,19.0,26.63,0.726,2.0,0,0,0,0
TXN001100,93.87,20.0,22.72,0.127,3.0,1,0,1,0
TXN001101,83.94,16.0,28.77,0.699,2.0,1,1,0,1
TXN001102,50.1,7.0,15.42,0.484,2.0,0,0,0,0
TXN001103,49.32,22.0,3.67,0.919,4.0,1,1,1,0
TXN001104,45.59,16.0,12.82,0.807,3.0,1,0,0,0
TXN001105,9.05,15.0,4.26,0.104,1.0,0,0,0,0
TXN001106,54.64,20.0,17.26,0.134,3.0,1,0,0,0
TXN001107,6.99,21.0,2.13,0.07,3.0,1,0,1,0
TXN001108,12.25,1.0,15.18,0.493,5.0,0,0,0,0
TXN001109,99.84,21.0,2.83,0.081,3.0,1,0,0,0
TXN001110,62.82,18.0,15.98,0.724,5.0,1,0,1,1
TXN001111,119.99,4.0,73.76,0.552,4.0,1,0,1,0
TXN001112,20.66,7.0,20.66,0.836,2.0,1,0,0,0
TXN001113,8.57,18.0,6.61,0.28,3.0,0,0,1,0
TXN001114,21.32,5.0,4.9,0.519,0.0,1,0,0,0
TXN001115,30.03,10.0,9.73,0.117,3.0,1,0,0,0
TXN001116,29.34,16.0,12.87,0.885,1.0,1,0,0,0
TXN001117,84.24,15.0,16.74,0.175,2.0,0,0,1,0
TXN001118,18.89,21.0,5.24,0.102,3.0,1,0,1,0
TXN001119,38.55,2.0,18.06,0.205,0.0,1,0,0,0
TXN001120,10.09,7.0,3.29,0.806,0.0,1,0,0,0
TXN001121,42.53,23.0,46.79,0.106,2.0,1,1,0,0
TXN001122,27.2,13.0,23.6,0.614,2.0,1,0,0,0
TXN001123,12.81,5.0,11.66,0.746,0.0,0,0,0,0
TXN001124,21.42,6.0,20.62,0.751,1.0,1,0,1,0
TXN001125,22.55,8.0,3.05,0.19,1.0,1,0,0,0
TXN001126,20.69,13.0,35.2,0.062,7.0,1,0,1,0
TXN001127,159.39,6.0,41.66,0.449,1.0,1,0,0,0
TXN001128,24.57,14.0,3.89,0.202,2.0,1,0,0,0
TXN001129,21.24,10.0,0.69,0.699,4.0,0,1,0,0
TXN001130,3.33,14.0,7.88,0.357,2.0,1,0,1,0
TXN001131,11.09,3.0,19.93,0.449,3.0,0,0,0,0
TXN001132,20.84,14.0,64.48,0.113,6.0,1,0,0,0
TXN001133,13.66,22.0,7.33,0.568,3.0,1,0,0,0
TXN001134,107.95,3.0,7.18,0.186,1.0,1,1,1,0
TXN001135,22.99,7.0,2.29,0.679,2.0,1,0,1,0
TXN001136,98.34,16.0,36.34,0.071,1.0,1,0,0,0
TXN001137,28.84,14.0,56.09,0.976,5.0,0,1,0,0
TXN001138,28.14,16.0,1.3,0.685,1.0,0,0,0,0
TXN001139,24.81,13.0,1.71,0.182,5.0,0,0,0,0
TXN001140,27.22,16.0,5.47,0.014,4.0,0,0,1,0
TXN001141,151.23,14.0,40.11,0.334,3.0,1,0,0,0
TXN001142,2.67,1.0,86.56,0.153,6.0,1,0,1,1
TXN001143,3.66,18.0,7.83,0.218,5.0,1,0,1,0
TXN001144,15.75,10.0,25.16,0.873,2.0,0,0,1,0
TXN001145,27.51,1.0,16.1,0.603,1.0,1,1,0,0
TXN001146,54.06,9.0,4.38,0.176,2.0,1,0,1,0
TXN001147,43.51,10.0,14.28,0.557,11.0,1,0,0,0
TXN001148,18.46,2.0,52.4,0.256,7.0,1,1,0,0
TXN001149,75.12,23.0,25.77,0.976,3.0,0,0,1,1
TXN001150,75.96,5.0,27.04,0.033,2.0,1,0,0,0
TXN001151,32.59,7.0,24.65,0.732,1.0,1,0,0,0
TXN001152,71.0,10.0,2.72,0.773,4.0,0,0,0,0
TXN001153,35.61,19.0,12.8,0.067,1.0,1,0,0,0
TXN001154,15.46,17.0,20.93,0.172,7.0,1,0,1,0
TXN001155,54.48,18.0,13.55,0.384,1.0,1,0,1,0
TXN001156,30.28,5.0,0.19,0.868,5.0,1,0,1,1
TXN001157,27.15,20.0,1.69,0.537,1.0,1,0,0,0
TXN001158,118.27,19.0,42.23,0.655,3.0,1,0,0,0
TXN001159,2.34,11.0,25.53,0.783,1.0,1,0,0,0
TXN001160,6.57,13.0,24.38,0.828,5.0,1,0,0,0
TXN001161,8.27,0.0,38.87,0.476,1.0,1,0,1,0
TXN001162,18.85,18.0,21.83,0.509,3.0,0,0,1,0
TXN001163,21.02,23.0,68.19,0.718,4.0,1,0,1,0
TXN001164,6.01,11.0,42.36,0.263,2.0,1,0,1,0
TXN001165,10.12,12.0,5.71,0.854,2.0,1,0,0,0
TXN001166,11.46,11.0,7.43,0.021,4.0,1,0,1,0
TXN001167,316.53,1.0,13.39,0.196,1.0,0,0,1,0
TXN001168,164.31,14.0,5.55,0.8,2.0,1,0,1,0
TXN001169,17.96,17.0,35.21,0.34,3.0,1,0,0,0
TXN001170,18.85,22.0,3.47,0.15,4.0,1,0,1,0
TXN001171,8.59,22.0,16.04,0.187,2.0,0,1,0,0
TXN001172,4.02,11.0,24.61,0.531,3.0,1,0,1,0
TXN001173,24.12,23.0,16.09,0.846,4.0,0,0,1,1
TXN001174,10.0,12.0,5.31,0.071,1.0,1,0,1,0
TXN001175,24.91,15.0,12.34,0.03,5.0,1,0,0,0
TXN001176,5.47,14.0,2.77,0.465,3.0,0,0,0,0
TXN001177,12.65,23.0,13.14,0.956,4.0,1,0,1,0
TXN001178,31.46,17.0,14.56,0.279,3.0,1,0,1,0
TXN001179,39.1,2.0,12.53,0.959,2.0,1,0,1,0
TXN001180,41.16,1.0,14.2,0.888,1.0,1,0,0,0
TXN001181,7.24,9.0,5.08,0.283,3.0,1,0,1,0
TXN001182,63.73,12.0,60.79,0.817,4.0,1,0,1,0
TXN001183,12.18,16.0,23.26,0.686,2.0,1,0,0,0
TXN001184,51.05,11.0,17.46,0.512,3.0,1,0,0,0
TXN001185,26.83,12.0,19.52,0.423,2.0,1,0,1,0
TXN001186,6.85,22.0,8.6,0.816,5.0,0,1,0,0
TXN001187,19.76,8.0,46.49,0.793,1.0,1,0,1,1
TXN001188,39.07,11.0,2.75,0.757,1.0,1,0,1,0
TXN001189,50.05,13.0,0.77,0.998,0.0,1,0,0,0
TXN001190,23.55,11.0,20.01,0.479,7.0,1,0,0,0
TXN001191,125.43,23.0,15.67,0.807,3.0,1,1,1,1
TXN001192,74.26,23.0,7.12,0.862,3.0,0,0,1,1
TXN001193,20.98,12.0,71.33,0.212,6.0,0,0,1,1
TXN001194,57.4,10.0,22.43,0.042,3.0,1,0,1,0
TXN001195,187.5,14.0,13.02,0.405,0.0,0,0,1,0
TXN001196,192.57,4.0,28.2,0.857,2.0,0,0,1,0
TXN001197,7.94,10.0,3.18,0.289,1.0,0,0,1,0
TXN001198,10.73,5.0,7.51,0.7,6.0,0,0,0,0
TXN001199,119.69,3.0,4.01,0.007,6.0,1,0,0,0
TXN001200,9.41,2.0,4.24,0.355,4.0,1,0,0,0
